transaction_id,date,amount,sender,receiver
TXN100001,2024-11-23,77576.26,Karthik Iyer,Ola
TXN100002,2024-09-26,98968.24,Sneha Patel,Zomato
TXN100003,2024-06-14,89751.9,Sneha Patel,Apollo Pharmacy
TXN100004,2024-01-19,1456.45,Rahul Sharma,Netflix
TXN100005,2024-07-10,75764.35,Anita Verma,Amazon India
TXN100006,2024-01-28,24954.08,Amit Singh,Zomato
TXN100007,2024-11-03,118479.91,Sneha Patel,LIC India
TXN100008,2024-10-22,119104.14,Sneha Patel,Axis Mutual Fund
TXN100009,2024-07-30,48667.38,Sneha Patel,Ola
TXN100010,2024-05-01,59436.02,Karthik Iyer,Spotify
TXN100011,2025-01-31,70166.49,Sneha Patel,Apollo Pharmacy
TXN100012,2024-01-28,16693.08,Rahul Sharma,Amazon India
TXN100013,2024-08-09,91081.26,Amit Singh,Amazon India
TXN100014,2024-12-25,75751.5,Rahul Sharma,ICICI Credit Card
TXN100015,2024-02-23,71836.3,Sneha Patel,Flipkart
TXN100016,2024-06-25,389.86,Rahul Sharma,IRCTC
TXN100017,2024-03-18,106810.89,Sneha Patel,HDFC Bank
TXN100018,2024-12-12,55866.82,Amit Singh,Zomato
TXN100019,2024-01-21,96094.56,Anita Verma,Swiggy
TXN100020,2024-08-25,106160.51,Rahul Sharma,Axis Mutual Fund
TXN100021,2024-09-24,101832.55,Amit Singh,LIC India
TXN100022,2024-01-03,109636.25,Sneha Patel,Uber
TXN100023,2024-06-14,6713.39,Rahul Sharma,ICICI Credit Card
TXN100024,2024-06-02,42307.97,Karthik Iyer,HDFC Bank
TXN100025,2025-01-14,47384.04,Karthik Iyer,Apollo Pharmacy
TXN100026,2024-07-07,9214.71,Rahul Sharma,Axis Mutual Fund
TXN100027,2024-10-21,113051.11,Amit Singh,Netflix
TXN100028,2024-05-01,13764.23,Rahul Sharma,Netflix
TXN100029,2024-05-06,111861.38,Sneha Patel,HDFC Bank
TXN100030,2024-01-21,113845.67,Sneha Patel,Uber
TXN100031,2024-12-07,49153.51,Sneha Patel,Apollo Pharmacy
TXN100032,2024-03-30,25641.98,Amit Singh,Spotify
TXN100033,2024-03-19,61212.25,Amit Singh,Uber
TXN100034,2024-02-05,64768.97,Rahul Sharma,Flipkart
TXN100035,2024-08-02,92096.15,Amit Singh,HDFC Bank
TXN100036,2024-05-13,56241.38,Amit Singh,LIC India
TXN100037,2024-08-24,106129.35,Rahul Sharma,Uber
TXN100038,2024-06-07,113141.84,Karthik Iyer,Zomato
TXN100039,2024-08-20,21117.85,Rahul Sharma,Zomato
TXN100040,2024-04-07,97811.29,Anita Verma,Amazon India
TXN100041,2024-06-25,57129.31,Amit Singh,Amazon India
TXN100042,2024-08-04,25247.35,Amit Singh,Swiggy
TXN100043,2024-12-04,9200.94,Karthik Iyer,Apollo Pharmacy
TXN100044,2024-09-16,105694.23,Karthik Iyer,LIC India
TXN100045,2024-05-08,17025.47,Sneha Patel,Amazon India
TXN100046,2024-08-24,86113.05,Sneha Patel,Netflix
TXN100047,2024-04-04,50573.54,Anita Verma,Amazon India
TXN100048,2024-07-27,26847.75,Karthik Iyer,HDFC Bank
TXN100049,2024-12-02,94050.47,Karthik Iyer,LIC India
TXN100050,2024-03-21,106284.69,Rahul Sharma,IRCTC
TXN100051,2024-10-05,61733.41,Amit Singh,LIC India
TXN100052,2024-09-09,108384.63,Rahul Sharma,Swiggy
TXN100053,2024-10-22,111179.94,Amit Singh,Flipkart
TXN100054,2024-07-14,96311.15,Rahul Sharma,Uber
TXN100055,2024-04-22,101435.54,Sneha Patel,Apollo Pharmacy
TXN100056,2024-08-12,22460.84,Amit Singh,Flipkart
TXN100057,2024-12-10,106713.32,Rahul Sharma,Apollo Pharmacy
TXN100058,2024-04-19,92542.48,Sneha Patel,Spotify
TXN100059,2025-01-24,67326.44,Karthik Iyer,Apollo Pharmacy
TXN100060,2025-01-25,101318.06,Anita Verma,Uber
TXN100061,2024-10-09,89733.21,Anita Verma,Axis Mutual Fund
TXN100062,2024-08-03,44838.67,Rahul Sharma,Axis Mutual Fund
TXN100063,2024-01-26,48557.57,Anita Verma,Swiggy
TXN100064,2024-10-21,88983.5,Sneha Patel,Uber
TXN100065,2024-05-25,111574.29,Anita Verma,Axis Mutual Fund
TXN100066,2024-11-02,118076.91,Amit Singh,Axis Mutual Fund
TXN100067,2024-10-20,63486.6,Karthik Iyer,LIC India
TXN100068,2024-07-06,9002.83,Amit Singh,IRCTC
TXN100069,2024-03-11,17262.81,Karthik Iyer,IRCTC
TXN100070,2024-01-15,89738.34,Amit Singh,LIC India
TXN100071,2024-09-01,118179.67,Karthik Iyer,Apollo Pharmacy
TXN100072,2025-01-17,74435.6,Amit Singh,Swiggy
TXN100073,2024-07-05,6465.63,Sneha Patel,Flipkart
TXN100074,2024-12-23,42474.3,Sneha Patel,Netflix
TXN100075,2024-04-18,68739.65,Karthik Iyer,Netflix
TXN100076,2024-09-04,96451.47,Karthik Iyer,LIC India
TXN100077,2024-11-11,38714.09,Karthik Iyer,LIC India
TXN100078,2024-08-30,81190.59,Rahul Sharma,Ola
TXN100079,2024-02-08,99302.38,Rahul Sharma,Amazon India
TXN100080,2024-03-27,77804.08,Anita Verma,Spotify
TXN100081,2024-06-28,57964.43,Amit Singh,Amazon India
TXN100082,2024-09-21,87360.03,Anita Verma,HDFC Bank
TXN100083,2024-06-02,54177.44,Sneha Patel,Amazon India
TXN100084,2024-09-18,32424.45,Sneha Patel,Amazon India
TXN100085,2024-08-12,43245.04,Karthik Iyer,Swiggy
TXN100086,2024-07-15,53164.27,Karthik Iyer,Flipkart
TXN100087,2024-05-23,13699.96,Anita Verma,Swiggy
TXN100088,2024-08-04,958.93,Amit Singh,LIC India
TXN100089,2024-01-15,103115.71,Sneha Patel,HDFC Bank
TXN100090,2024-02-02,59811.39,Rahul Sharma,Ola
TXN100091,2024-12-26,70858.26,Amit Singh,IRCTC
TXN100092,2024-09-28,61534.88,Sneha Patel,Ola
TXN100093,2024-01-11,44012.63,Anita Verma,Flipkart
TXN100094,2024-09-12,49861.73,Sneha Patel,HDFC Bank
TXN100095,2025-01-02,96052.54,Karthik Iyer,IRCTC
TXN100096,2024-08-29,17706.88,Anita Verma,Netflix
TXN100097,2024-04-02,78265.91,Amit Singh,Zomato
TXN100098,2024-04-25,117716.57,Rahul Sharma,Amazon India
TXN100099,2024-08-16,37126.56,Amit Singh,Flipkart
TXN100100,2024-12-13,914.59,Amit Singh,Amazon India
TXN100101,2024-06-28,117257.4,Karthik Iyer,LIC India
TXN100102,2024-02-17,9569.56,Amit Singh,IRCTC
TXN100103,2024-01-13,109857.77,Rahul Sharma,Amazon India
TXN100104,2024-07-05,41665.36,Karthik Iyer,Uber
TXN100105,2024-09-11,61763.65,Anita Verma,Apollo Pharmacy
TXN100106,2024-10-23,116787.71,Karthik Iyer,Axis Mutual Fund
TXN100107,2024-06-17,21649.52,Anita Verma,Netflix
TXN100108,2024-11-11,6788.93,Amit Singh,HDFC Bank
TXN100109,2024-07-07,38863.06,Anita Verma,Ola
TXN100110,2024-07-07,81735.62,Rahul Sharma,Swiggy
TXN100111,2024-08-23,65236.91,Anita Verma,Zomato
TXN100112,2024-04-25,9092.61,Karthik Iyer,Ola
TXN100113,2024-12-29,15590.76,Anita Verma,ICICI Credit Card
TXN100114,2025-01-17,72306.71,Amit Singh,Swiggy
TXN100115,2024-06-22,19002.15,Anita Verma,Amazon India
TXN100116,2024-08-26,24669.89,Amit Singh,Uber
TXN100117,2024-09-03,61492.28,Anita Verma,ICICI Credit Card
TXN100118,2024-10-05,98058.05,Amit Singh,Swiggy
TXN100119,2024-11-08,85226.25,Amit Singh,IRCTC
TXN100120,2024-01-25,64015.84,Amit Singh,Ola
TXN100121,2024-05-27,54519.5,Amit Singh,IRCTC
TXN100122,2024-02-09,98342.49,Sneha Patel,Ola
TXN100123,2024-07-12,25158.02,Anita Verma,Zomato
TXN100124,2024-10-15,49493.28,Sneha Patel,IRCTC
TXN100125,2024-01-30,34129.06,Sneha Patel,HDFC Bank
TXN100126,2024-10-24,28716.39,Rahul Sharma,HDFC Bank
TXN100127,2024-10-08,28491.74,Sneha Patel,Netflix
TXN100128,2024-07-02,25509.63,Rahul Sharma,Swiggy
TXN100129,2024-03-12,81043.3,Rahul Sharma,Axis Mutual Fund
TXN100130,2024-09-11,100172.07,Amit Singh,Amazon India
TXN100131,2025-01-07,12083.29,Rahul Sharma,Axis Mutual Fund
TXN100132,2024-08-18,13135.92,Karthik Iyer,Ola
TXN100133,2024-07-02,107562.79,Sneha Patel,Uber
TXN100134,2024-04-30,75518.78,Rahul Sharma,Flipkart
TXN100135,2024-05-17,81141.0,Karthik Iyer,Netflix
TXN100136,2024-04-08,8281.97,Anita Verma,Apollo Pharmacy
TXN100137,2024-06-29,15932.35,Amit Singh,ICICI Credit Card
TXN100138,2024-05-13,71888.15,Anita Verma,LIC India
TXN100139,2024-03-31,94867.31,Anita Verma,ICICI Credit Card
TXN100140,2024-08-25,17069.69,Rahul Sharma,Apollo Pharmacy
TXN100141,2024-12-25,30350.87,Karthik Iyer,Flipkart
TXN100142,2024-02-24,81493.65,Amit Singh,ICICI Credit Card
TXN100143,2024-05-22,23669.3,Amit Singh,LIC India
TXN100144,2024-01-19,108984.28,Karthik Iyer,Apollo Pharmacy
TXN100145,2024-02-29,118641.57,Anita Verma,Flipkart
TXN100146,2024-10-04,92726.47,Sneha Patel,Amazon India
TXN100147,2025-02-02,90824.09,Anita Verma,Amazon India
TXN100148,2024-05-23,84428.37,Karthik Iyer,Axis Mutual Fund
TXN100149,2024-02-02,29362.95,Anita Verma,ICICI Credit Card
TXN100150,2024-11-08,60592.89,Karthik Iyer,LIC India
TXN100151,2024-08-20,29372.63,Karthik Iyer,LIC India
TXN100152,2024-09-10,36239.34,Karthik Iyer,ICICI Credit Card
TXN100153,2024-09-20,93422.86,Karthik Iyer,Spotify
TXN100154,2025-01-07,115820.43,Karthik Iyer,Flipkart
TXN100155,2025-01-17,113197.31,Karthik Iyer,ICICI Credit Card
TXN100156,2024-03-21,20585.53,Anita Verma,Spotify
TXN100157,2025-01-18,7467.12,Amit Singh,LIC India
TXN100158,2024-08-04,11384.93,Anita Verma,IRCTC
TXN100159,2024-08-24,50478.09,Sneha Patel,Spotify
TXN100160,2024-03-28,18522.56,Rahul Sharma,HDFC Bank
TXN100161,2024-08-04,70955.87,Amit Singh,Swiggy
TXN100162,2024-08-21,119030.05,Amit Singh,Flipkart
TXN100163,2024-01-20,110110.92,Amit Singh,Axis Mutual Fund
TXN100164,2024-04-02,56189.29,Sneha Patel,Uber
TXN100165,2024-09-17,59754.42,Anita Verma,Spotify
TXN100166,2024-10-11,1287.42,Rahul Sharma,ICICI Credit Card
TXN100167,2025-01-15,20672.41,Amit Singh,Flipkart
TXN100168,2024-08-25,34069.42,Sneha Patel,Apollo Pharmacy
TXN100169,2025-01-27,51510.05,Sneha Patel,Axis Mutual Fund
TXN100170,2024-02-08,38965.05,Amit Singh,Axis Mutual Fund
TXN100171,2025-02-03,106899.93,Amit Singh,LIC India
TXN100172,2024-05-20,21398.58,Amit Singh,Apollo Pharmacy
TXN100173,2024-02-17,101501.02,Sneha Patel,Spotify
TXN100174,2025-01-18,46560.35,Anita Verma,LIC India
TXN100175,2024-10-27,34865.24,Sneha Patel,Zomato
TXN100176,2024-03-20,3551.32,Rahul Sharma,LIC India
TXN100177,2024-08-25,111179.91,Anita Verma,Spotify
TXN100178,2024-01-07,118950.1,Sneha Patel,Uber
TXN100179,2024-10-28,74829.19,Amit Singh,Uber
TXN100180,2024-09-06,42947.44,Anita Verma,Spotify
TXN100181,2024-01-12,86651.2,Amit Singh,Uber
TXN100182,2024-01-22,3643.91,Rahul Sharma,Netflix
TXN100183,2025-01-25,82273.14,Amit Singh,ICICI Credit Card
TXN100184,2024-05-09,77630.94,Anita Verma,ICICI Credit Card
TXN100185,2024-07-05,25901.26,Amit Singh,Uber
TXN100186,2024-11-07,66049.01,Amit Singh,Spotify
TXN100187,2024-07-23,101355.17,Rahul Sharma,Amazon India
TXN100188,2025-01-31,71721.68,Rahul Sharma,Spotify
TXN100189,2024-11-28,114894.33,Anita Verma,ICICI Credit Card
TXN100190,2024-05-31,70860.07,Anita Verma,Netflix
TXN100191,2024-06-20,86290.29,Sneha Patel,Ola
TXN100192,2024-03-03,18320.86,Rahul Sharma,Uber
TXN100193,2024-06-29,53692.71,Anita Verma,IRCTC
TXN100194,2024-05-19,86066.38,Sneha Patel,Zomato
TXN100195,2024-09-24,72363.36,Amit Singh,Netflix
TXN100196,2025-01-18,91561.61,Amit Singh,Zomato
TXN100197,2024-06-11,102600.99,Sneha Patel,Zomato
TXN100198,2024-11-18,21951.71,Rahul Sharma,ICICI Credit Card
TXN100199,2025-01-31,26300.54,Rahul Sharma,ICICI Credit Card
TXN100200,2025-01-17,63737.06,Rahul Sharma,Axis Mutual Fund
TXN100201,2024-11-09,87904.31,Sneha Patel,Swiggy
TXN100202,2024-07-16,70153.31,Amit Singh,Swiggy
TXN100203,2024-05-22,109536.38,Karthik Iyer,Flipkart
TXN100204,2024-02-03,96971.12,Karthik Iyer,IRCTC
TXN100205,2024-09-22,32610.42,Anita Verma,Swiggy
TXN100206,2024-11-03,78568.55,Anita Verma,IRCTC
TXN100207,2024-07-29,115752.66,Sneha Patel,HDFC Bank
TXN100208,2024-05-03,14933.83,Rahul Sharma,Axis Mutual Fund
TXN100209,2024-07-31,67165.01,Rahul Sharma,Netflix
TXN100210,2024-07-13,32474.8,Rahul Sharma,Swiggy
TXN100211,2024-01-30,63936.38,Karthik Iyer,Swiggy
TXN100212,2024-08-19,67133.51,Rahul Sharma,Axis Mutual Fund
TXN100213,2024-06-26,32695.26,Sneha Patel,Spotify
TXN100214,2025-01-24,70278.69,Anita Verma,IRCTC
TXN100215,2024-02-22,110254.71,Amit Singh,Apollo Pharmacy
TXN100216,2024-09-08,106756.05,Amit Singh,ICICI Credit Card
TXN100217,2024-08-24,111123.63,Sneha Patel,Zomato
TXN100218,2024-11-20,8380.98,Sneha Patel,Ola
TXN100219,2024-11-06,101179.23,Karthik Iyer,IRCTC
TXN100220,2024-11-18,20313.59,Anita Verma,Flipkart
TXN100221,2024-04-09,54545.63,Amit Singh,ICICI Credit Card
TXN100222,2024-05-27,112322.87,Amit Singh,HDFC Bank
TXN100223,2024-03-31,71263.61,Karthik Iyer,Uber
TXN100224,2024-04-27,87928.84,Anita Verma,Zomato
TXN100225,2025-01-15,24426.39,Anita Verma,Axis Mutual Fund
TXN100226,2024-07-07,102939.92,Anita Verma,HDFC Bank
TXN100227,2024-10-10,26100.65,Rahul Sharma,Ola
TXN100228,2024-01-17,26719.33,Sneha Patel,HDFC Bank
TXN100229,2024-06-18,18762.2,Amit Singh,Spotify
TXN100230,2024-06-05,14990.42,Karthik Iyer,Flipkart
TXN100231,2024-05-21,116431.52,Rahul Sharma,Amazon India
TXN100232,2024-10-13,96318.85,Amit Singh,Swiggy
TXN100233,2024-10-05,53474.96,Karthik Iyer,IRCTC
TXN100234,2024-04-26,107736.74,Karthik Iyer,Apollo Pharmacy
TXN100235,2024-08-17,99397.61,Amit Singh,Flipkart
TXN100236,2024-03-03,8247.16,Rahul Sharma,Swiggy
TXN100237,2024-08-09,83108.87,Amit Singh,HDFC Bank
TXN100238,2024-01-31,41595.9,Anita Verma,LIC India
TXN100239,2024-02-20,49491.77,Sneha Patel,Ola
TXN100240,2024-10-29,57329.33,Anita Verma,Ola
TXN100241,2024-10-26,94751.2,Karthik Iyer,Flipkart
TXN100242,2024-02-06,3106.66,Amit Singh,HDFC Bank
TXN100243,2024-04-07,34631.69,Amit Singh,HDFC Bank
TXN100244,2025-01-06,35888.36,Karthik Iyer,Zomato
TXN100245,2025-01-05,50098.42,Rahul Sharma,IRCTC
TXN100246,2024-06-02,116918.23,Karthik Iyer,Amazon India
TXN100247,2024-06-18,86400.26,Anita Verma,HDFC Bank
TXN100248,2024-09-03,34680.59,Anita Verma,Uber
TXN100249,2025-01-04,101080.46,Sneha Patel,Spotify
TXN100250,2025-01-22,92191.33,Karthik Iyer,Swiggy
TXN100251,2024-02-19,53190.54,Rahul Sharma,Ola
TXN100252,2024-09-13,65901.51,Sneha Patel,IRCTC
TXN100253,2024-08-06,52446.71,Karthik Iyer,Spotify
TXN100254,2024-10-29,119866.32,Anita Verma,Amazon India
TXN100255,2024-10-17,33509.66,Sneha Patel,Apollo Pharmacy
TXN100256,2024-02-08,79067.0,Amit Singh,Amazon India
TXN100257,2024-01-04,10422.89,Amit Singh,Zomato
TXN100258,2024-10-01,40646.39,Amit Singh,ICICI Credit Card
TXN100259,2024-12-07,36946.55,Amit Singh,Spotify
TXN100260,2024-09-29,43012.1,Amit Singh,LIC India
TXN100261,2024-02-06,45098.78,Amit Singh,IRCTC
TXN100262,2024-09-06,18507.89,Karthik Iyer,Spotify
TXN100263,2024-09-22,118250.71,Amit Singh,Zomato
TXN100264,2024-01-19,5264.83,Sneha Patel,Zomato
TXN100265,2024-06-23,52543.65,Anita Verma,Swiggy
TXN100266,2024-05-25,69547.53,Anita Verma,Amazon India
TXN100267,2024-07-16,71526.4,Amit Singh,Axis Mutual Fund
TXN100268,2024-09-13,91235.42,Rahul Sharma,IRCTC
TXN100269,2024-05-19,22337.93,Karthik Iyer,ICICI Credit Card
TXN100270,2024-04-04,108837.5,Amit Singh,IRCTC
TXN100271,2024-04-21,102907.07,Sneha Patel,Axis Mutual Fund
TXN100272,2024-12-24,39317.07,Sneha Patel,Uber
TXN100273,2025-01-20,45237.25,Karthik Iyer,Spotify
TXN100274,2024-09-28,69815.24,Karthik Iyer,IRCTC
TXN100275,2024-06-10,106105.21,Rahul Sharma,Uber
TXN100276,2024-09-30,117727.89,Karthik Iyer,Uber
TXN100277,2024-05-22,113441.45,Anita Verma,Flipkart
TXN100278,2024-03-25,82196.33,Amit Singh,Flipkart
TXN100279,2024-03-26,1425.29,Rahul Sharma,Netflix
TXN100280,2024-03-17,37916.66,Anita Verma,LIC India
TXN100281,2024-04-10,63783.12,Sneha Patel,Zomato
TXN100282,2024-12-29,117304.33,Rahul Sharma,Spotify
TXN100283,2024-05-20,17964.58,Sneha Patel,Netflix
TXN100284,2024-02-28,44594.5,Karthik Iyer,IRCTC
TXN100285,2024-10-18,98769.07,Amit Singh,Zomato
TXN100286,2024-09-19,100122.33,Rahul Sharma,Axis Mutual Fund
TXN100287,2024-01-01,94881.14,Rahul Sharma,Netflix
TXN100288,2024-09-28,43862.15,Anita Verma,Apollo Pharmacy
TXN100289,2024-12-04,81915.53,Sneha Patel,Zomato
TXN100290,2024-10-13,43660.07,Anita Verma,ICICI Credit Card
TXN100291,2024-11-06,108051.15,Karthik Iyer,Ola
TXN100292,2024-08-04,25127.55,Anita Verma,Apollo Pharmacy
TXN100293,2024-11-08,17395.43,Amit Singh,ICICI Credit Card
TXN100294,2024-07-16,54545.87,Anita Verma,ICICI Credit Card
TXN100295,2024-02-19,97613.99,Karthik Iyer,Amazon India
TXN100296,2024-04-10,51512.54,Sneha Patel,HDFC Bank
TXN100297,2025-01-20,62676.88,Sneha Patel,Amazon India
TXN100298,2024-10-28,38226.05,Rahul Sharma,IRCTC
TXN100299,2024-04-08,81621.88,Amit Singh,IRCTC
TXN100300,2024-08-04,25810.68,Karthik Iyer,Zomato
TXN100301,2024-03-21,63528.32,Anita Verma,Amazon India
TXN100302,2024-02-23,15574.79,Rahul Sharma,HDFC Bank
TXN100303,2024-03-19,69639.77,Amit Singh,Apollo Pharmacy
TXN100304,2024-07-02,101308.0,Karthik Iyer,Swiggy
TXN100305,2024-12-20,47351.47,Rahul Sharma,Uber
TXN100306,2024-03-21,34556.46,Anita Verma,Zomato
TXN100307,2025-01-05,34801.71,Rahul Sharma,Spotify
TXN100308,2025-01-14,46732.61,Sneha Patel,HDFC Bank
TXN100309,2024-04-20,107895.06,Karthik Iyer,Spotify
TXN100310,2024-10-16,4579.44,Karthik Iyer,Amazon India
TXN100311,2024-04-08,42807.79,Rahul Sharma,ICICI Credit Card
TXN100312,2024-09-07,29515.07,Anita Verma,HDFC Bank
TXN100313,2024-10-12,74052.3,Rahul Sharma,Uber
TXN100314,2024-03-10,24743.41,Amit Singh,LIC India
TXN100315,2024-02-04,32370.99,Anita Verma,Spotify
TXN100316,2024-10-03,75838.14,Amit Singh,IRCTC
TXN100317,2024-01-28,111629.93,Rahul Sharma,Zomato
TXN100318,2025-01-15,6418.46,Karthik Iyer,Flipkart
TXN100319,2024-01-14,105230.73,Rahul Sharma,Swiggy
TXN100320,2025-01-30,40177.33,Anita Verma,Spotify
TXN100321,2024-03-31,75766.47,Rahul Sharma,Axis Mutual Fund
TXN100322,2024-03-31,85128.52,Karthik Iyer,Axis Mutual Fund
TXN100323,2024-10-03,119178.1,Rahul Sharma,Zomato
TXN100324,2024-12-28,36581.55,Karthik Iyer,LIC India
TXN100325,2024-12-04,83621.08,Rahul Sharma,Ola
TXN100326,2024-03-05,72003.5,Rahul Sharma,Axis Mutual Fund
TXN100327,2024-12-30,5901.6,Amit Singh,HDFC Bank
TXN100328,2024-07-29,13360.7,Amit Singh,Apollo Pharmacy
TXN100329,2024-11-03,55778.63,Sneha Patel,Flipkart
TXN100330,2024-08-23,88275.5,Rahul Sharma,Amazon India
TXN100331,2024-08-14,65539.77,Anita Verma,ICICI Credit Card
TXN100332,2024-01-17,69608.77,Sneha Patel,Uber
TXN100333,2024-03-31,34231.92,Amit Singh,Zomato
TXN100334,2024-04-13,30388.93,Sneha Patel,Flipkart
TXN100335,2025-01-03,87756.84,Sneha Patel,Swiggy
TXN100336,2024-10-26,20269.53,Sneha Patel,Uber
TXN100337,2024-08-09,109275.1,Anita Verma,ICICI Credit Card
TXN100338,2024-11-27,38269.7,Sneha Patel,Axis Mutual Fund
TXN100339,2025-01-19,51140.08,Karthik Iyer,Uber
TXN100340,2024-10-31,43179.77,Rahul Sharma,Flipkart
TXN100341,2024-12-28,101481.55,Rahul Sharma,ICICI Credit Card
TXN100342,2024-05-17,51161.83,Rahul Sharma,ICICI Credit Card
TXN100343,2024-12-22,100840.35,Karthik Iyer,LIC India
TXN100344,2024-06-09,80535.24,Karthik Iyer,IRCTC
TXN100345,2024-08-23,43232.55,Amit Singh,Ola
TXN100346,2024-05-25,29319.74,Amit Singh,HDFC Bank
TXN100347,2024-12-09,29512.24,Rahul Sharma,Flipkart
TXN100348,2024-08-31,15841.42,Karthik Iyer,IRCTC
TXN100349,2024-06-03,62802.94,Rahul Sharma,HDFC Bank
TXN100350,2024-01-15,26362.6,Karthik Iyer,ICICI Credit Card
TXN100351,2024-01-23,48987.03,Amit Singh,Zomato
TXN100352,2024-12-13,76693.59,Amit Singh,HDFC Bank
TXN100353,2024-09-08,91655.77,Sneha Patel,Swiggy
TXN100354,2024-08-01,12547.65,Anita Verma,Zomato
TXN100355,2024-08-01,107159.92,Amit Singh,Ola
TXN100356,2024-03-13,83444.97,Anita Verma,Uber
TXN100357,2024-09-24,94473.26,Amit Singh,Swiggy
TXN100358,2024-03-19,23260.81,Anita Verma,Uber
TXN100359,2024-05-03,66955.71,Sneha Patel,Amazon India
TXN100360,2024-10-22,80007.04,Amit Singh,Axis Mutual Fund
TXN100361,2024-12-14,239.25,Anita Verma,LIC India
TXN100362,2024-02-09,59157.43,Rahul Sharma,IRCTC
TXN100363,2024-12-17,61476.67,Amit Singh,LIC India
TXN100364,2024-03-14,20375.28,Rahul Sharma,IRCTC
TXN100365,2025-01-13,8838.67,Sneha Patel,Swiggy
TXN100366,2024-05-14,10604.25,Sneha Patel,Netflix
TXN100367,2024-04-26,95052.88,Rahul Sharma,HDFC Bank
TXN100368,2024-11-28,53259.56,Rahul Sharma,IRCTC
TXN100369,2024-10-14,98160.29,Karthik Iyer,Axis Mutual Fund
TXN100370,2024-02-11,2968.8,Anita Verma,Apollo Pharmacy
TXN100371,2025-01-18,48776.85,Anita Verma,Zomato
TXN100372,2024-12-14,12486.01,Sneha Patel,HDFC Bank
TXN100373,2024-02-08,93721.2,Rahul Sharma,Axis Mutual Fund
TXN100374,2024-05-01,8669.46,Anita Verma,Spotify
TXN100375,2024-06-29,18997.65,Rahul Sharma,Apollo Pharmacy
TXN100376,2024-08-08,96429.69,Karthik Iyer,IRCTC
TXN100377,2024-07-10,103082.38,Rahul Sharma,Flipkart
TXN100378,2024-06-26,111070.95,Karthik Iyer,ICICI Credit Card
TXN100379,2024-12-09,94114.78,Rahul Sharma,Axis Mutual Fund
TXN100380,2025-01-27,17255.9,Anita Verma,Axis Mutual Fund
TXN100381,2024-09-28,13526.88,Anita Verma,HDFC Bank
TXN100382,2024-09-18,110367.86,Rahul Sharma,Netflix
TXN100383,2024-01-10,92553.76,Amit Singh,Spotify
TXN100384,2025-01-31,29372.89,Karthik Iyer,Spotify
TXN100385,2024-04-18,28256.34,Karthik Iyer,Apollo Pharmacy
TXN100386,2024-03-14,82588.35,Rahul Sharma,Apollo Pharmacy
TXN100387,2024-02-04,34658.42,Sneha Patel,Apollo Pharmacy
TXN100388,2024-11-26,22493.63,Amit Singh,ICICI Credit Card
TXN100389,2024-06-20,87443.35,Rahul Sharma,Ola
TXN100390,2024-03-14,66440.98,Sneha Patel,IRCTC
TXN100391,2024-11-29,98031.31,Rahul Sharma,IRCTC
TXN100392,2024-11-19,117912.75,Sneha Patel,Ola
TXN100393,2024-02-06,90313.88,Sneha Patel,Axis Mutual Fund
TXN100394,2024-05-07,137.3,Amit Singh,IRCTC
TXN100395,2024-04-27,18225.8,Anita Verma,Netflix
TXN100396,2024-08-16,113794.75,Sneha Patel,Netflix
TXN100397,2024-01-03,52519.69,Karthik Iyer,IRCTC
TXN100398,2024-07-19,29786.65,Karthik Iyer,Amazon India
TXN100399,2024-06-27,31524.45,Rahul Sharma,Swiggy
TXN100400,2024-11-29,40420.91,Amit Singh,Spotify
TXN100401,2024-05-21,53868.22,Sneha Patel,Apollo Pharmacy
TXN100402,2025-01-23,48784.65,Anita Verma,Netflix
TXN100403,2024-12-20,119621.21,Sneha Patel,Flipkart
TXN100404,2024-01-17,11750.82,Rahul Sharma,Axis Mutual Fund
TXN100405,2024-10-11,64908.6,Anita Verma,IRCTC
TXN100406,2024-03-30,81185.64,Karthik Iyer,Zomato
TXN100407,2025-01-11,113141.47,Sneha Patel,ICICI Credit Card
TXN100408,2024-01-06,25298.87,Karthik Iyer,Apollo Pharmacy
TXN100409,2024-02-26,59348.7,Amit Singh,Axis Mutual Fund
TXN100410,2024-06-19,95980.42,Sneha Patel,Spotify
TXN100411,2024-09-14,78210.68,Anita Verma,Ola
TXN100412,2024-10-01,75812.46,Anita Verma,ICICI Credit Card
TXN100413,2024-05-26,33652.48,Rahul Sharma,ICICI Credit Card
TXN100414,2024-03-21,17409.82,Amit Singh,Amazon India
TXN100415,2024-09-23,87194.69,Anita Verma,Netflix
TXN100416,2024-04-19,93019.54,Anita Verma,Spotify
TXN100417,2024-08-26,36501.71,Karthik Iyer,Spotify
TXN100418,2024-04-18,52611.79,Amit Singh,IRCTC
TXN100419,2024-06-29,60965.21,Sneha Patel,HDFC Bank
TXN100420,2024-03-16,12140.57,Sneha Patel,IRCTC
TXN100421,2024-12-02,78440.3,Karthik Iyer,Swiggy
TXN100422,2024-08-05,46243.37,Karthik Iyer,Uber
TXN100423,2024-03-25,58847.58,Sneha Patel,Zomato
TXN100424,2024-04-30,73382.5,Sneha Patel,Apollo Pharmacy
TXN100425,2025-01-03,16401.09,Rahul Sharma,LIC India
TXN100426,2024-05-08,112565.82,Anita Verma,Spotify
TXN100427,2025-01-10,377.11,Rahul Sharma,Flipkart
TXN100428,2024-01-04,113109.16,Karthik Iyer,HDFC Bank
TXN100429,2024-06-19,40851.49,Rahul Sharma,Uber
TXN100430,2024-04-18,82994.87,Rahul Sharma,Ola
TXN100431,2024-03-20,84013.34,Sneha Patel,Swiggy
TXN100432,2024-02-14,25752.41,Karthik Iyer,Apollo Pharmacy
TXN100433,2024-05-25,101885.01,Sneha Patel,Uber
TXN100434,2024-05-03,24200.2,Anita Verma,Netflix
TXN100435,2024-01-13,116326.17,Anita Verma,Axis Mutual Fund
TXN100436,2024-09-04,113067.76,Anita Verma,IRCTC
TXN100437,2024-11-22,28878.4,Karthik Iyer,Amazon India
TXN100438,2024-01-05,101594.63,Karthik Iyer,Axis Mutual Fund
TXN100439,2024-05-27,68381.32,Rahul Sharma,Amazon India
TXN100440,2024-09-08,48289.55,Karthik Iyer,Ola
TXN100441,2024-08-08,11301.11,Karthik Iyer,IRCTC
TXN100442,2024-09-22,112319.0,Amit Singh,Ola
TXN100443,2024-10-15,23273.78,Karthik Iyer,LIC India
TXN100444,2024-05-25,59059.52,Karthik Iyer,Apollo Pharmacy
TXN100445,2024-12-19,29517.14,Sneha Patel,Flipkart
TXN100446,2024-03-17,38584.09,Sneha Patel,Spotify
TXN100447,2024-06-24,69121.42,Anita Verma,IRCTC
TXN100448,2024-07-20,37507.25,Karthik Iyer,ICICI Credit Card
TXN100449,2024-09-04,38723.28,Karthik Iyer,Spotify
TXN100450,2024-12-07,13087.76,Sneha Patel,Zomato
TXN100451,2024-11-06,64556.45,Amit Singh,Zomato
TXN100452,2024-12-30,38551.32,Amit Singh,IRCTC
TXN100453,2024-10-19,21580.76,Karthik Iyer,Ola
TXN100454,2024-09-15,116053.07,Amit Singh,LIC India
TXN100455,2024-10-25,4163.99,Amit Singh,Amazon India
TXN100456,2024-02-29,64518.95,Anita Verma,Spotify
TXN100457,2024-01-03,36434.23,Rahul Sharma,Ola
TXN100458,2024-04-21,18129.24,Amit Singh,Apollo Pharmacy
TXN100459,2024-03-31,101940.58,Anita Verma,Apollo Pharmacy
TXN100460,2024-05-29,43514.14,Rahul Sharma,Amazon India
TXN100461,2024-12-28,22320.84,Anita Verma,Spotify
TXN100462,2024-07-07,81870.28,Amit Singh,Axis Mutual Fund
TXN100463,2024-09-28,86104.53,Rahul Sharma,Axis Mutual Fund
TXN100464,2024-03-14,41652.81,Sneha Patel,Uber
TXN100465,2024-01-06,111787.9,Karthik Iyer,Flipkart
TXN100466,2024-10-23,43589.66,Karthik Iyer,LIC India
TXN100467,2024-05-22,4629.68,Sneha Patel,Amazon India
TXN100468,2024-06-13,74202.82,Anita Verma,Netflix
TXN100469,2024-05-20,2386.07,Amit Singh,Zomato
TXN100470,2024-09-10,54502.1,Amit Singh,Amazon India
TXN100471,2025-01-13,41669.25,Karthik Iyer,Zomato
TXN100472,2024-09-11,67268.21,Karthik Iyer,IRCTC
TXN100473,2024-03-29,30611.74,Sneha Patel,Spotify
TXN100474,2024-12-05,15886.96,Anita Verma,Axis Mutual Fund
TXN100475,2024-01-28,67781.66,Sneha Patel,Zomato
TXN100476,2024-12-20,36242.04,Rahul Sharma,Swiggy
TXN100477,2024-02-20,31586.45,Anita Verma,LIC India
TXN100478,2024-12-04,53324.71,Karthik Iyer,Spotify
TXN100479,2024-01-20,65488.63,Anita Verma,ICICI Credit Card
TXN100480,2024-04-30,18607.14,Anita Verma,Apollo Pharmacy
TXN100481,2024-08-07,31052.99,Sneha Patel,Spotify
TXN100482,2025-01-03,12832.35,Sneha Patel,Apollo Pharmacy
TXN100483,2024-02-06,72187.87,Rahul Sharma,Ola
TXN100484,2024-04-05,32751.46,Rahul Sharma,HDFC Bank
TXN100485,2024-05-17,55626.16,Rahul Sharma,Axis Mutual Fund
TXN100486,2024-12-29,25840.44,Rahul Sharma,Amazon India
TXN100487,2024-09-22,26639.21,Rahul Sharma,Zomato
TXN100488,2024-05-29,110243.83,Sneha Patel,ICICI Credit Card
TXN100489,2024-10-16,43054.42,Rahul Sharma,Amazon India
TXN100490,2024-09-25,73644.7,Rahul Sharma,Netflix
TXN100491,2024-04-21,1766.67,Rahul Sharma,Flipkart
TXN100492,2024-03-15,113425.29,Amit Singh,Ola
TXN100493,2024-08-02,105706.91,Karthik Iyer,Swiggy
TXN100494,2024-08-31,99555.21,Rahul Sharma,ICICI Credit Card
TXN100495,2024-01-22,2305.09,Rahul Sharma,Ola
TXN100496,2025-01-01,116061.57,Sneha Patel,Ola
TXN100497,2024-01-23,33574.22,Anita Verma,Axis Mutual Fund
TXN100498,2024-11-09,10248.21,Anita Verma,Spotify
TXN100499,2024-03-15,104894.79,Anita Verma,Spotify
TXN100500,2024-04-13,60491.38,Amit Singh,Netflix
TXN100501,2024-08-22,54229.22,Rahul Sharma,Uber
TXN100502,2024-08-15,43473.71,Amit Singh,IRCTC
TXN100503,2024-06-08,28038.85,Anita Verma,Swiggy
TXN100504,2024-02-21,72934.78,Anita Verma,Apollo Pharmacy
TXN100505,2024-07-23,69034.93,Sneha Patel,Swiggy
TXN100506,2024-06-13,64028.45,Karthik Iyer,ICICI Credit Card
TXN100507,2024-06-18,115074.28,Anita Verma,Spotify
TXN100508,2024-04-05,50251.88,Karthik Iyer,HDFC Bank
TXN100509,2024-11-14,43533.87,Rahul Sharma,Swiggy
TXN100510,2024-05-20,23483.56,Karthik Iyer,Flipkart
TXN100511,2024-04-14,76156.44,Rahul Sharma,Apollo Pharmacy
TXN100512,2024-09-01,16898.39,Karthik Iyer,Apollo Pharmacy
TXN100513,2024-09-03,70901.74,Anita Verma,Ola
TXN100514,2024-11-28,24627.27,Anita Verma,Uber
TXN100515,2025-01-11,101955.45,Anita Verma,Swiggy
TXN100516,2024-09-23,30301.38,Rahul Sharma,Netflix
TXN100517,2024-05-12,42639.13,Amit Singh,Apollo Pharmacy
TXN100518,2024-05-08,11047.72,Anita Verma,Ola
TXN100519,2024-03-31,103776.61,Karthik Iyer,ICICI Credit Card
TXN100520,2024-05-04,86889.18,Amit Singh,Zomato
TXN100521,2024-05-08,27392.43,Amit Singh,ICICI Credit Card
TXN100522,2024-03-29,69367.82,Amit Singh,Netflix
TXN100523,2024-09-30,28045.9,Karthik Iyer,Axis Mutual Fund
TXN100524,2024-09-29,23327.16,Karthik Iyer,Spotify
TXN100525,2024-10-17,71455.4,Rahul Sharma,Zomato
TXN100526,2024-08-06,71047.07,Anita Verma,HDFC Bank
TXN100527,2024-10-05,95310.78,Karthik Iyer,Swiggy
TXN100528,2024-05-18,64772.8,Anita Verma,Axis Mutual Fund
TXN100529,2024-11-14,84134.78,Anita Verma,Apollo Pharmacy
TXN100530,2024-03-17,67223.14,Amit Singh,Ola
TXN100531,2024-03-01,97448.23,Anita Verma,Apollo Pharmacy
TXN100532,2024-08-11,17735.2,Amit Singh,Apollo Pharmacy
TXN100533,2024-11-05,119080.45,Amit Singh,Swiggy
TXN100534,2024-05-09,46154.47,Rahul Sharma,Axis Mutual Fund
TXN100535,2024-08-21,98805.32,Amit Singh,Netflix
TXN100536,2024-09-21,100346.72,Rahul Sharma,Uber
TXN100537,2024-07-15,93991.78,Amit Singh,Spotify
TXN100538,2024-12-24,106707.44,Anita Verma,LIC India
TXN100539,2024-05-24,15667.22,Amit Singh,ICICI Credit Card
TXN100540,2024-09-07,45847.98,Anita Verma,ICICI Credit Card
TXN100541,2024-01-14,40007.75,Karthik Iyer,Swiggy
TXN100542,2024-06-16,16678.12,Amit Singh,Spotify
TXN100543,2024-12-29,1548.35,Anita Verma,Amazon India
TXN100544,2024-03-05,50029.65,Sneha Patel,ICICI Credit Card
TXN100545,2024-03-16,112772.31,Rahul Sharma,Ola
TXN100546,2024-10-29,108859.5,Amit Singh,HDFC Bank
TXN100547,2024-08-12,16672.95,Sneha Patel,IRCTC
TXN100548,2024-09-18,116680.76,Rahul Sharma,Amazon India
TXN100549,2024-01-08,8345.42,Anita Verma,Zomato
TXN100550,2024-10-04,98939.36,Karthik Iyer,IRCTC
TXN100551,2024-06-16,3587.43,Sneha Patel,Spotify
TXN100552,2024-07-28,18241.62,Anita Verma,Apollo Pharmacy
TXN100553,2024-09-30,47527.03,Karthik Iyer,Netflix
TXN100554,2024-12-11,62684.45,Karthik Iyer,IRCTC
TXN100555,2025-01-19,7481.73,Anita Verma,Swiggy
TXN100556,2024-08-07,101469.07,Sneha Patel,Ola
TXN100557,2024-07-02,20115.78,Amit Singh,ICICI Credit Card
TXN100558,2024-06-16,115017.96,Amit Singh,LIC India
TXN100559,2024-04-24,55753.96,Karthik Iyer,ICICI Credit Card
TXN100560,2024-10-30,106214.34,Anita Verma,Axis Mutual Fund
TXN100561,2024-03-06,109243.91,Karthik Iyer,LIC India
TXN100562,2024-05-18,55486.51,Rahul Sharma,Apollo Pharmacy
TXN100563,2024-02-24,32036.96,Amit Singh,Flipkart
TXN100564,2024-12-08,6454.33,Anita Verma,Spotify
TXN100565,2024-06-19,9983.72,Karthik Iyer,Ola
TXN100566,2024-08-27,41523.54,Amit Singh,Netflix
TXN100567,2024-05-04,32234.49,Amit Singh,Amazon India
TXN100568,2024-10-20,57476.68,Amit Singh,Ola
TXN100569,2024-07-24,94391.92,Karthik Iyer,Axis Mutual Fund
TXN100570,2024-06-22,91543.73,Karthik Iyer,IRCTC
TXN100571,2025-01-11,119401.19,Rahul Sharma,IRCTC
TXN100572,2025-01-02,49745.19,Anita Verma,Axis Mutual Fund
TXN100573,2024-01-02,33368.35,Anita Verma,Uber
TXN100574,2024-11-21,69933.92,Sneha Patel,LIC India
TXN100575,2024-02-28,61575.92,Amit Singh,HDFC Bank
TXN100576,2024-04-04,87991.47,Karthik Iyer,Zomato
TXN100577,2024-06-17,50356.25,Anita Verma,Swiggy
TXN100578,2024-10-27,31370.62,Anita Verma,Spotify
TXN100579,2024-05-01,74642.78,Rahul Sharma,Amazon India
TXN100580,2024-10-01,95625.59,Rahul Sharma,LIC India
TXN100581,2024-09-19,34237.08,Amit Singh,Zomato
TXN100582,2024-07-25,52504.16,Karthik Iyer,Spotify
TXN100583,2024-06-09,108569.29,Anita Verma,ICICI Credit Card
TXN100584,2025-01-18,42145.61,Anita Verma,Flipkart
TXN100585,2024-04-21,35153.85,Sneha Patel,Axis Mutual Fund
TXN100586,2024-06-05,50335.94,Sneha Patel,LIC India
TXN100587,2024-01-05,57370.72,Sneha Patel,Zomato
TXN100588,2024-03-05,2533.84,Anita Verma,Spotify
TXN100589,2024-03-28,7704.54,Karthik Iyer,LIC India
TXN100590,2024-07-18,98089.46,Amit Singh,Axis Mutual Fund
TXN100591,2024-02-06,63712.1,Karthik Iyer,Swiggy
TXN100592,2024-02-21,60979.9,Amit Singh,LIC India
TXN100593,2024-08-26,9586.53,Rahul Sharma,ICICI Credit Card
TXN100594,2025-01-21,58042.67,Anita Verma,Axis Mutual Fund
TXN100595,2024-12-29,106697.5,Amit Singh,Spotify
TXN100596,2024-02-09,76246.38,Anita Verma,Flipkart
TXN100597,2024-10-30,115372.35,Sneha Patel,LIC India
TXN100598,2024-01-02,115877.75,Karthik Iyer,Netflix
TXN100599,2024-02-28,50770.08,Anita Verma,ICICI Credit Card
TXN100600,2024-07-14,37282.51,Sneha Patel,Amazon India
TXN100601,2024-02-27,84490.4,Rahul Sharma,ICICI Credit Card
TXN100602,2024-03-10,69122.15,Karthik Iyer,Swiggy
TXN100603,2024-07-13,81604.49,Amit Singh,LIC India
TXN100604,2024-12-11,89993.87,Rahul Sharma,IRCTC
TXN100605,2024-10-02,81148.66,Sneha Patel,Amazon India
TXN100606,2024-08-30,67966.29,Karthik Iyer,Spotify
TXN100607,2024-03-24,95020.61,Anita Verma,LIC India
TXN100608,2024-10-20,37913.47,Anita Verma,HDFC Bank
TXN100609,2024-12-06,104207.26,Karthik Iyer,IRCTC
TXN100610,2024-10-10,42889.47,Amit Singh,LIC India
TXN100611,2024-09-02,1204.64,Anita Verma,Axis Mutual Fund
TXN100612,2024-05-21,84164.63,Karthik Iyer,Ola
TXN100613,2024-01-13,116631.03,Karthik Iyer,ICICI Credit Card
TXN100614,2024-03-29,75478.48,Sneha Patel,Zomato
TXN100615,2024-08-15,2463.02,Amit Singh,Ola
TXN100616,2024-09-01,40215.33,Amit Singh,Axis Mutual Fund
TXN100617,2024-10-03,4690.67,Amit Singh,Amazon India
TXN100618,2024-07-03,10998.77,Rahul Sharma,Ola
TXN100619,2024-04-10,10782.16,Karthik Iyer,Netflix
TXN100620,2024-02-24,98338.88,Karthik Iyer,Ola
TXN100621,2024-08-14,36044.13,Sneha Patel,Flipkart
TXN100622,2024-12-22,87882.2,Rahul Sharma,Flipkart
TXN100623,2024-10-29,36592.29,Amit Singh,Apollo Pharmacy
TXN100624,2024-04-10,8196.11,Rahul Sharma,Netflix
TXN100625,2024-03-28,112955.31,Anita Verma,Swiggy
TXN100626,2025-01-02,57364.01,Karthik Iyer,Netflix
TXN100627,2024-04-22,100506.98,Anita Verma,Spotify
TXN100628,2024-07-04,27172.14,Amit Singh,HDFC Bank
TXN100629,2024-08-27,17741.89,Karthik Iyer,Zomato
TXN100630,2025-02-03,79596.88,Karthik Iyer,Swiggy
TXN100631,2024-01-06,110906.56,Anita Verma,Uber
TXN100632,2024-10-14,65128.33,Sneha Patel,Ola
TXN100633,2024-06-17,32310.06,Sneha Patel,Netflix
TXN100634,2024-12-13,111861.14,Karthik Iyer,Swiggy
TXN100635,2025-01-29,32807.89,Rahul Sharma,Spotify
TXN100636,2024-09-14,28125.01,Karthik Iyer,Swiggy
TXN100637,2024-06-08,119462.03,Amit Singh,Flipkart
TXN100638,2024-07-14,24679.6,Amit Singh,IRCTC
TXN100639,2024-08-15,107252.46,Sneha Patel,Uber
TXN100640,2024-08-19,115165.23,Rahul Sharma,IRCTC
TXN100641,2024-06-07,20599.77,Karthik Iyer,Swiggy
TXN100642,2024-05-13,73557.19,Rahul Sharma,Apollo Pharmacy
TXN100643,2024-03-26,1221.85,Amit Singh,Amazon India
TXN100644,2024-08-08,78723.53,Amit Singh,Ola
TXN100645,2024-11-08,65059.3,Anita Verma,IRCTC
TXN100646,2024-11-23,48052.09,Karthik Iyer,HDFC Bank
TXN100647,2024-01-18,73520.52,Amit Singh,HDFC Bank
TXN100648,2024-05-13,114286.62,Karthik Iyer,Flipkart
TXN100649,2024-05-29,91159.12,Sneha Patel,Netflix
TXN100650,2024-05-21,76779.21,Karthik Iyer,Ola
TXN100651,2024-06-16,57557.63,Amit Singh,LIC India
TXN100652,2024-04-22,73275.72,Amit Singh,ICICI Credit Card
TXN100653,2024-01-06,91367.61,Amit Singh,Apollo Pharmacy
TXN100654,2024-09-11,49974.23,Karthik Iyer,Flipkart
TXN100655,2024-11-09,76572.94,Karthik Iyer,IRCTC
TXN100656,2024-06-19,51642.18,Amit Singh,Amazon India
TXN100657,2024-03-27,29319.37,Amit Singh,Flipkart
TXN100658,2024-10-05,76551.43,Amit Singh,HDFC Bank
TXN100659,2024-08-13,14129.34,Amit Singh,Uber
TXN100660,2024-09-19,42748.31,Sneha Patel,Spotify
TXN100661,2024-05-22,3863.74,Sneha Patel,Ola
TXN100662,2024-07-18,3272.42,Rahul Sharma,Apollo Pharmacy
TXN100663,2024-02-15,90565.67,Amit Singh,Swiggy
TXN100664,2024-09-12,74092.93,Rahul Sharma,IRCTC
TXN100665,2024-03-28,33365.76,Karthik Iyer,Ola
TXN100666,2024-07-31,88039.79,Amit Singh,ICICI Credit Card
TXN100667,2024-01-17,81819.62,Rahul Sharma,IRCTC
TXN100668,2025-01-23,54694.2,Amit Singh,Flipkart
TXN100669,2024-03-29,68811.16,Karthik Iyer,Netflix
TXN100670,2024-10-14,72456.72,Sneha Patel,Swiggy
TXN100671,2024-09-06,59804.37,Rahul Sharma,Flipkart
TXN100672,2024-02-15,38981.48,Anita Verma,Zomato
TXN100673,2024-02-03,33984.02,Amit Singh,Flipkart
TXN100674,2024-03-06,81262.6,Rahul Sharma,Swiggy
TXN100675,2024-12-23,96028.0,Karthik Iyer,LIC India
TXN100676,2024-09-29,59915.09,Rahul Sharma,Apollo Pharmacy
TXN100677,2024-05-01,44861.65,Rahul Sharma,Spotify
TXN100678,2024-09-15,7746.88,Rahul Sharma,HDFC Bank
TXN100679,2024-09-25,62008.08,Anita Verma,ICICI Credit Card
TXN100680,2024-03-08,59020.05,Rahul Sharma,Amazon India
TXN100681,2024-08-13,108999.41,Karthik Iyer,Ola
TXN100682,2024-12-04,33588.35,Amit Singh,ICICI Credit Card
TXN100683,2024-08-06,116884.11,Sneha Patel,Netflix
TXN100684,2024-03-18,55190.64,Amit Singh,Amazon India
TXN100685,2024-05-09,100775.84,Sneha Patel,HDFC Bank
TXN100686,2024-07-02,84195.31,Amit Singh,Apollo Pharmacy
TXN100687,2024-09-19,40590.64,Sneha Patel,Swiggy
TXN100688,2024-08-08,26350.33,Rahul Sharma,ICICI Credit Card
TXN100689,2024-09-16,31283.34,Amit Singh,Spotify
TXN100690,2024-09-06,32983.48,Rahul Sharma,Apollo Pharmacy
TXN100691,2025-02-01,91597.23,Rahul Sharma,Apollo Pharmacy
TXN100692,2024-02-17,35490.09,Sneha Patel,LIC India
TXN100693,2024-06-16,105423.17,Amit Singh,Uber
TXN100694,2024-07-22,40044.04,Amit Singh,Zomato
TXN100695,2024-02-10,48569.01,Rahul Sharma,Uber
TXN100696,2024-01-31,5015.79,Karthik Iyer,Amazon India
TXN100697,2024-05-28,64504.33,Amit Singh,Uber
TXN100698,2024-06-19,29234.47,Anita Verma,Spotify
TXN100699,2025-01-09,59191.5,Anita Verma,Netflix
TXN100700,2024-10-22,80497.43,Rahul Sharma,Zomato
TXN100701,2024-07-26,117781.85,Sneha Patel,Apollo Pharmacy
TXN100702,2024-11-18,98961.86,Sneha Patel,Apollo Pharmacy
TXN100703,2024-07-28,108030.48,Anita Verma,ICICI Credit Card
TXN100704,2024-07-24,44290.24,Karthik Iyer,LIC India
TXN100705,2024-08-02,23593.58,Karthik Iyer,Amazon India
TXN100706,2024-08-08,39513.99,Amit Singh,Ola
TXN100707,2024-09-07,15347.2,Karthik Iyer,HDFC Bank
TXN100708,2024-04-11,44589.78,Karthik Iyer,ICICI Credit Card
TXN100709,2024-01-08,72248.58,Amit Singh,Swiggy
TXN100710,2024-07-10,20197.72,Sneha Patel,Axis Mutual Fund
TXN100711,2024-12-17,31674.35,Amit Singh,Netflix
TXN100712,2024-07-26,94751.62,Karthik Iyer,LIC India
TXN100713,2024-12-19,5785.07,Rahul Sharma,Flipkart
TXN100714,2024-01-11,64335.56,Sneha Patel,Uber
TXN100715,2024-03-31,81287.1,Sneha Patel,Flipkart
TXN100716,2024-11-02,91337.18,Anita Verma,Flipkart
TXN100717,2024-10-24,67578.15,Karthik Iyer,Zomato
TXN100718,2024-12-28,54605.48,Sneha Patel,Zomato
TXN100719,2024-05-18,44965.41,Rahul Sharma,Apollo Pharmacy
TXN100720,2024-08-30,100509.98,Amit Singh,IRCTC
TXN100721,2024-04-05,23498.16,Sneha Patel,ICICI Credit Card
TXN100722,2024-07-03,35313.51,Anita Verma,LIC India
TXN100723,2024-01-22,115723.85,Rahul Sharma,Swiggy
TXN100724,2024-09-14,36000.26,Sneha Patel,Netflix
TXN100725,2024-02-16,34855.2,Rahul Sharma,Ola
TXN100726,2024-10-09,8614.3,Amit Singh,ICICI Credit Card
TXN100727,2024-11-25,58829.19,Rahul Sharma,Ola
TXN100728,2024-03-18,65617.04,Karthik Iyer,Uber
TXN100729,2024-11-03,80657.87,Rahul Sharma,Uber
TXN100730,2024-09-20,78573.2,Amit Singh,Apollo Pharmacy
TXN100731,2024-08-09,88426.52,Sneha Patel,Uber
TXN100732,2024-03-22,67948.61,Anita Verma,Apollo Pharmacy
TXN100733,2024-11-16,100894.06,Sneha Patel,Zomato
TXN100734,2024-02-24,53618.93,Karthik Iyer,Uber
TXN100735,2024-07-16,111995.09,Rahul Sharma,Flipkart
TXN100736,2024-10-09,96564.78,Rahul Sharma,Axis Mutual Fund
TXN100737,2024-12-07,23081.1,Karthik Iyer,Flipkart
TXN100738,2024-03-15,16662.82,Anita Verma,Spotify
TXN100739,2024-02-13,83746.14,Rahul Sharma,Axis Mutual Fund
TXN100740,2024-01-28,5032.67,Amit Singh,Zomato
TXN100741,2024-07-05,110283.35,Sneha Patel,Amazon India
TXN100742,2024-12-07,64388.17,Anita Verma,Flipkart
TXN100743,2024-02-09,57633.67,Karthik Iyer,Netflix
TXN100744,2024-10-05,78361.64,Karthik Iyer,Spotify
TXN100745,2024-06-29,69861.01,Anita Verma,Zomato
TXN100746,2024-09-23,16308.94,Karthik Iyer,Spotify
TXN100747,2024-01-05,26494.84,Amit Singh,Zomato
TXN100748,2024-06-12,63789.34,Amit Singh,Netflix
TXN100749,2024-11-15,91777.15,Rahul Sharma,ICICI Credit Card
TXN100750,2024-01-25,90715.49,Anita Verma,Ola
TXN100751,2024-10-05,110327.05,Sneha Patel,Amazon India
TXN100752,2024-01-08,83463.13,Anita Verma,Zomato
TXN100753,2024-07-05,75698.79,Anita Verma,Spotify
TXN100754,2024-06-19,46687.26,Anita Verma,Spotify
TXN100755,2024-03-05,1228.66,Sneha Patel,HDFC Bank
TXN100756,2024-05-04,44899.31,Karthik Iyer,Uber
TXN100757,2024-09-07,62701.6,Sneha Patel,Ola
TXN100758,2024-08-05,10498.62,Karthik Iyer,LIC India
TXN100759,2024-06-30,98618.36,Sneha Patel,Apollo Pharmacy
TXN100760,2024-02-04,41724.02,Rahul Sharma,Zomato
TXN100761,2024-05-13,105099.02,Amit Singh,Flipkart
TXN100762,2024-07-08,112870.64,Amit Singh,HDFC Bank
TXN100763,2024-06-14,84354.28,Rahul Sharma,Uber
TXN100764,2024-05-10,39558.7,Anita Verma,LIC India
TXN100765,2024-08-31,708.71,Sneha Patel,Zomato
TXN100766,2024-08-24,31913.62,Karthik Iyer,Netflix
TXN100767,2025-01-26,45403.94,Anita Verma,Amazon India
TXN100768,2024-11-01,43391.54,Sneha Patel,Axis Mutual Fund
TXN100769,2024-11-10,2116.27,Rahul Sharma,Zomato
TXN100770,2024-04-06,3607.29,Amit Singh,IRCTC
TXN100771,2024-06-06,57444.84,Anita Verma,Zomato
TXN100772,2024-09-21,95274.02,Karthik Iyer,Flipkart
TXN100773,2024-06-20,76737.36,Rahul Sharma,LIC India
TXN100774,2024-10-24,13465.79,Amit Singh,IRCTC
TXN100775,2024-11-14,29839.26,Karthik Iyer,Amazon India
TXN100776,2024-06-16,12638.09,Sneha Patel,Apollo Pharmacy
TXN100777,2024-12-27,32469.92,Anita Verma,LIC India
TXN100778,2024-09-03,38189.37,Sneha Patel,Flipkart
TXN100779,2024-05-21,77921.81,Anita Verma,Zomato
TXN100780,2024-06-20,83729.39,Sneha Patel,LIC India
TXN100781,2024-03-06,109897.74,Rahul Sharma,Ola
TXN100782,2024-03-18,108324.63,Amit Singh,IRCTC
TXN100783,2024-05-11,36980.07,Karthik Iyer,Swiggy
TXN100784,2025-01-07,62428.04,Rahul Sharma,Uber
TXN100785,2024-06-23,27197.77,Anita Verma,ICICI Credit Card
TXN100786,2024-12-12,84403.35,Amit Singh,Flipkart
TXN100787,2024-10-04,89518.5,Anita Verma,Zomato
TXN100788,2024-05-03,76140.94,Rahul Sharma,Apollo Pharmacy
TXN100789,2024-06-30,111569.6,Amit Singh,Zomato
TXN100790,2024-05-25,85190.77,Sneha Patel,LIC India
TXN100791,2024-10-18,106900.36,Karthik Iyer,Zomato
TXN100792,2024-06-09,6820.92,Amit Singh,Axis Mutual Fund
TXN100793,2024-04-07,25171.4,Anita Verma,IRCTC
TXN100794,2024-02-08,60821.24,Rahul Sharma,Amazon India
TXN100795,2024-06-12,10953.95,Anita Verma,Axis Mutual Fund
TXN100796,2024-11-12,29196.06,Karthik Iyer,LIC India
TXN100797,2024-12-07,90521.14,Sneha Patel,Uber
TXN100798,2024-09-19,78731.62,Anita Verma,Amazon India
TXN100799,2024-01-19,106243.22,Karthik Iyer,IRCTC
TXN100800,2024-08-14,70540.21,Sneha Patel,LIC India
TXN100801,2024-06-11,106637.07,Karthik Iyer,Amazon India
TXN100802,2025-01-07,89328.74,Rahul Sharma,HDFC Bank
TXN100803,2024-06-24,63302.17,Rahul Sharma,Ola
TXN100804,2024-12-07,112690.22,Karthik Iyer,Apollo Pharmacy
TXN100805,2025-01-09,113585.76,Rahul Sharma,Ola
TXN100806,2024-07-08,23218.28,Amit Singh,Apollo Pharmacy
TXN100807,2024-07-18,32771.73,Karthik Iyer,Zomato
TXN100808,2024-01-29,114714.21,Karthik Iyer,HDFC Bank
TXN100809,2024-07-29,30630.47,Karthik Iyer,Uber
TXN100810,2024-08-22,54137.62,Amit Singh,LIC India
TXN100811,2024-12-14,86364.53,Amit Singh,Flipkart
TXN100812,2024-05-26,1499.47,Anita Verma,Spotify
TXN100813,2024-04-05,112362.58,Rahul Sharma,IRCTC
TXN100814,2024-03-31,85483.94,Karthik Iyer,Uber
TXN100815,2024-06-14,18234.15,Amit Singh,Axis Mutual Fund
TXN100816,2024-03-10,79171.12,Anita Verma,Axis Mutual Fund
TXN100817,2024-03-18,101794.25,Rahul Sharma,Zomato
TXN100818,2024-07-11,105870.27,Rahul Sharma,IRCTC
TXN100819,2024-08-18,85149.32,Rahul Sharma,Uber
TXN100820,2024-07-19,7589.88,Sneha Patel,ICICI Credit Card
TXN100821,2025-02-04,67042.76,Sneha Patel,Flipkart
TXN100822,2024-03-07,18321.77,Karthik Iyer,Ola
TXN100823,2024-01-17,14195.99,Rahul Sharma,Netflix
TXN100824,2024-06-27,72400.89,Sneha Patel,IRCTC
TXN100825,2024-06-22,50408.56,Rahul Sharma,Apollo Pharmacy
TXN100826,2024-12-11,100037.14,Karthik Iyer,Apollo Pharmacy
TXN100827,2024-03-30,44136.82,Sneha Patel,HDFC Bank
TXN100828,2025-01-10,58678.19,Sneha Patel,HDFC Bank
TXN100829,2024-10-07,88713.98,Rahul Sharma,Ola
TXN100830,2024-03-31,60890.64,Anita Verma,Netflix
TXN100831,2024-06-16,26434.33,Amit Singh,Spotify
TXN100832,2024-02-23,94389.29,Amit Singh,Ola
TXN100833,2025-01-26,118624.39,Sneha Patel,Swiggy
TXN100834,2025-01-25,25502.78,Karthik Iyer,Uber
TXN100835,2024-09-14,60487.69,Rahul Sharma,LIC India
TXN100836,2024-06-13,116047.15,Sneha Patel,HDFC Bank
TXN100837,2024-04-19,92596.53,Anita Verma,Flipkart
TXN100838,2024-04-06,53936.4,Sneha Patel,Uber
TXN100839,2024-05-06,50217.48,Rahul Sharma,Netflix
TXN100840,2025-01-16,102189.72,Amit Singh,Flipkart
TXN100841,2024-09-09,33808.53,Rahul Sharma,Spotify
TXN100842,2024-12-19,67460.23,Rahul Sharma,Flipkart
TXN100843,2024-03-06,84946.66,Sneha Patel,Ola
TXN100844,2024-05-25,64280.29,Anita Verma,Spotify
TXN100845,2024-10-23,61027.87,Rahul Sharma,Amazon India
TXN100846,2024-01-15,30412.8,Karthik Iyer,HDFC Bank
TXN100847,2024-07-27,62893.85,Karthik Iyer,Zomato
TXN100848,2025-01-22,85667.34,Anita Verma,Axis Mutual Fund
TXN100849,2024-10-19,7967.73,Karthik Iyer,Ola
TXN100850,2024-06-02,4192.04,Amit Singh,Netflix
TXN100851,2024-05-01,39613.13,Sneha Patel,Netflix
TXN100852,2024-03-02,65321.22,Anita Verma,IRCTC
TXN100853,2024-02-10,97584.75,Anita Verma,LIC India
TXN100854,2024-06-24,26392.16,Karthik Iyer,Swiggy
TXN100855,2024-05-02,92659.04,Rahul Sharma,Flipkart
TXN100856,2024-10-04,58304.59,Amit Singh,Swiggy
TXN100857,2024-10-08,60551.61,Rahul Sharma,Uber
TXN100858,2024-11-30,42185.76,Anita Verma,Flipkart
TXN100859,2024-02-10,8347.11,Karthik Iyer,Apollo Pharmacy
TXN100860,2024-10-25,13633.85,Sneha Patel,ICICI Credit Card
TXN100861,2024-01-28,32699.83,Rahul Sharma,Ola
TXN100862,2024-04-03,107680.61,Karthik Iyer,ICICI Credit Card
TXN100863,2024-12-07,104657.18,Amit Singh,LIC India
TXN100864,2024-08-22,20097.92,Anita Verma,Apollo Pharmacy
TXN100865,2024-08-23,119168.59,Amit Singh,Netflix
TXN100866,2024-05-22,114952.68,Karthik Iyer,ICICI Credit Card
TXN100867,2024-02-27,15171.8,Sneha Patel,Swiggy
TXN100868,2024-02-04,104863.15,Sneha Patel,ICICI Credit Card
TXN100869,2024-09-16,82046.31,Rahul Sharma,Amazon India
TXN100870,2024-07-24,92708.67,Karthik Iyer,Axis Mutual Fund
TXN100871,2024-08-24,22481.94,Karthik Iyer,Amazon India
TXN100872,2024-07-01,9475.37,Anita Verma,IRCTC
TXN100873,2024-05-19,58309.54,Anita Verma,IRCTC
TXN100874,2024-07-10,7495.62,Amit Singh,Uber
TXN100875,2024-05-06,61875.93,Anita Verma,Uber
TXN100876,2025-01-02,12804.35,Rahul Sharma,ICICI Credit Card
TXN100877,2024-04-04,71242.35,Anita Verma,ICICI Credit Card
TXN100878,2024-04-14,70766.55,Sneha Patel,ICICI Credit Card
TXN100879,2024-03-31,32338.76,Anita Verma,Amazon India
TXN100880,2024-05-01,68614.22,Sneha Patel,HDFC Bank
TXN100881,2024-02-01,95591.55,Anita Verma,Zomato
TXN100882,2024-09-04,52221.4,Karthik Iyer,Apollo Pharmacy
TXN100883,2024-11-02,1947.21,Karthik Iyer,LIC India
TXN100884,2024-03-11,102685.22,Karthik Iyer,Apollo Pharmacy
TXN100885,2025-01-05,14001.43,Sneha Patel,Zomato
TXN100886,2024-10-19,107816.86,Karthik Iyer,Apollo Pharmacy
TXN100887,2025-01-19,80626.63,Rahul Sharma,IRCTC
TXN100888,2024-10-21,4510.86,Amit Singh,LIC India
TXN100889,2024-10-10,23794.5,Rahul Sharma,IRCTC
TXN100890,2024-08-04,47608.93,Sneha Patel,Netflix
TXN100891,2024-04-29,4908.5,Anita Verma,HDFC Bank
TXN100892,2025-01-17,45151.71,Anita Verma,Axis Mutual Fund
TXN100893,2025-01-31,8661.26,Rahul Sharma,HDFC Bank
TXN100894,2024-12-28,28379.93,Anita Verma,Ola
TXN100895,2024-05-27,100828.19,Amit Singh,ICICI Credit Card
TXN100896,2024-11-22,51963.71,Sneha Patel,Spotify
TXN100897,2024-09-10,73079.27,Amit Singh,Ola
TXN100898,2025-01-26,99212.25,Sneha Patel,IRCTC
TXN100899,2024-08-17,78191.39,Anita Verma,Ola
TXN100900,2024-11-01,50329.95,Amit Singh,Netflix
TXN100901,2024-09-06,22897.68,Sneha Patel,Netflix
TXN100902,2024-08-17,13812.57,Sneha Patel,Uber
TXN100903,2024-01-06,25738.78,Amit Singh,Axis Mutual Fund
TXN100904,2024-01-25,66541.26,Rahul Sharma,ICICI Credit Card
TXN100905,2024-08-01,56061.48,Karthik Iyer,Zomato
TXN100906,2024-08-24,67062.77,Amit Singh,HDFC Bank
TXN100907,2024-09-30,73340.74,Karthik Iyer,Flipkart
TXN100908,2024-02-13,88684.24,Amit Singh,Amazon India
TXN100909,2024-03-28,52773.17,Karthik Iyer,Flipkart
TXN100910,2024-03-19,63517.36,Sneha Patel,Swiggy
TXN100911,2024-03-23,25787.13,Karthik Iyer,Zomato
TXN100912,2024-01-30,41467.09,Anita Verma,HDFC Bank
TXN100913,2024-09-07,21600.58,Amit Singh,Zomato
TXN100914,2024-11-01,5563.92,Sneha Patel,Flipkart
TXN100915,2024-07-01,19872.58,Amit Singh,Swiggy
TXN100916,2024-02-08,71397.47,Karthik Iyer,Zomato
TXN100917,2024-07-03,100109.85,Rahul Sharma,ICICI Credit Card
TXN100918,2024-12-17,31453.66,Sneha Patel,Zomato
TXN100919,2024-12-30,78208.29,Sneha Patel,Netflix
TXN100920,2024-07-05,40412.35,Karthik Iyer,Apollo Pharmacy
TXN100921,2025-01-02,92804.3,Anita Verma,HDFC Bank
TXN100922,2024-02-21,12157.57,Rahul Sharma,HDFC Bank
TXN100923,2024-06-13,39943.03,Anita Verma,Ola
TXN100924,2024-02-08,114541.23,Amit Singh,Spotify
TXN100925,2024-12-06,101054.38,Rahul Sharma,Apollo Pharmacy
TXN100926,2024-09-10,76783.75,Sneha Patel,LIC India
TXN100927,2024-11-11,1360.51,Karthik Iyer,HDFC Bank
TXN100928,2024-03-25,19634.03,Amit Singh,Axis Mutual Fund
TXN100929,2024-07-02,81928.23,Karthik Iyer,Amazon India
TXN100930,2024-07-07,10693.7,Karthik Iyer,ICICI Credit Card
TXN100931,2024-04-05,117276.5,Anita Verma,Ola
TXN100932,2024-08-27,1374.58,Anita Verma,Spotify
TXN100933,2024-01-14,18077.27,Sneha Patel,LIC India
TXN100934,2024-02-17,66955.24,Rahul Sharma,ICICI Credit Card
TXN100935,2024-05-22,96985.67,Sneha Patel,Netflix
TXN100936,2024-10-16,98210.35,Sneha Patel,Flipkart
TXN100937,2024-01-20,103553.64,Rahul Sharma,Axis Mutual Fund
TXN100938,2024-08-14,62834.67,Anita Verma,Spotify
TXN100939,2024-01-19,23116.68,Amit Singh,Swiggy
TXN100940,2024-05-08,8283.64,Anita Verma,Axis Mutual Fund
TXN100941,2024-08-01,90642.43,Karthik Iyer,Netflix
TXN100942,2024-03-08,83401.03,Sneha Patel,LIC India
TXN100943,2024-09-08,64106.84,Sneha Patel,Uber
TXN100944,2024-11-20,27590.75,Rahul Sharma,IRCTC
TXN100945,2025-01-15,16574.47,Amit Singh,HDFC Bank
TXN100946,2024-01-24,101105.12,Amit Singh,Spotify
TXN100947,2024-04-13,117418.77,Sneha Patel,Uber
TXN100948,2025-01-04,4823.08,Anita Verma,IRCTC
TXN100949,2024-03-18,109454.22,Amit Singh,ICICI Credit Card
TXN100950,2024-02-18,97927.12,Rahul Sharma,Uber
TXN100951,2024-08-13,7244.3,Amit Singh,Flipkart
TXN100952,2024-03-02,3610.41,Amit Singh,IRCTC
TXN100953,2024-09-08,86888.08,Amit Singh,Zomato
TXN100954,2024-10-26,47620.37,Sneha Patel,IRCTC
TXN100955,2024-11-18,14233.75,Sneha Patel,IRCTC
TXN100956,2024-03-07,106006.99,Rahul Sharma,Flipkart
TXN100957,2024-05-03,96416.14,Sneha Patel,Uber
TXN100958,2025-01-22,13007.09,Sneha Patel,ICICI Credit Card
TXN100959,2024-07-30,17178.7,Anita Verma,HDFC Bank
TXN100960,2025-02-04,47943.3,Rahul Sharma,Amazon India
TXN100961,2024-10-23,57841.22,Anita Verma,Uber
TXN100962,2024-02-17,89134.96,Karthik Iyer,LIC India
TXN100963,2024-09-30,37711.13,Karthik Iyer,Swiggy
TXN100964,2024-10-16,6056.58,Rahul Sharma,Swiggy
TXN100965,2024-10-10,66087.37,Sneha Patel,LIC India
TXN100966,2024-10-02,9879.09,Rahul Sharma,Axis Mutual Fund
TXN100967,2024-11-17,119776.98,Karthik Iyer,Ola
TXN100968,2024-11-16,50827.14,Amit Singh,Flipkart
TXN100969,2024-01-25,3326.64,Sneha Patel,Apollo Pharmacy
TXN100970,2024-04-11,9727.38,Rahul Sharma,Amazon India
TXN100971,2025-01-02,94103.9,Sneha Patel,HDFC Bank
TXN100972,2024-02-01,42621.26,Sneha Patel,Netflix
TXN100973,2024-03-17,98349.74,Sneha Patel,Flipkart
TXN100974,2024-08-14,63978.66,Amit Singh,Axis Mutual Fund
TXN100975,2024-07-14,86461.88,Sneha Patel,LIC India
TXN100976,2025-01-08,71292.83,Karthik Iyer,Spotify
TXN100977,2024-07-11,87321.5,Sneha Patel,Netflix
TXN100978,2024-03-12,43611.48,Rahul Sharma,Flipkart
TXN100979,2024-03-20,22100.51,Sneha Patel,Zomato
TXN100980,2024-06-01,6975.69,Karthik Iyer,IRCTC
TXN100981,2024-04-07,88067.71,Rahul Sharma,Netflix
TXN100982,2024-04-30,66572.63,Karthik Iyer,Axis Mutual Fund
TXN100983,2025-01-03,61440.25,Amit Singh,Zomato
TXN100984,2024-04-16,51487.18,Anita Verma,Netflix
TXN100985,2024-07-23,10527.56,Amit Singh,Axis Mutual Fund
TXN100986,2024-08-12,106237.99,Karthik Iyer,Swiggy
TXN100987,2024-03-24,7935.23,Rahul Sharma,Flipkart
TXN100988,2024-04-19,64264.3,Amit Singh,Spotify
TXN100989,2024-01-04,18836.97,Sneha Patel,IRCTC
TXN100990,2024-07-27,102641.4,Rahul Sharma,Uber
TXN100991,2024-09-20,47808.41,Sneha Patel,LIC India
TXN100992,2024-07-07,28387.32,Anita Verma,Netflix
TXN100993,2024-03-19,112158.44,Rahul Sharma,IRCTC
TXN100994,2025-01-27,34043.49,Karthik Iyer,Amazon India
TXN100995,2024-12-21,17909.02,Sneha Patel,Swiggy
TXN100996,2024-11-23,105373.68,Sneha Patel,ICICI Credit Card
TXN100997,2024-01-01,43437.26,Karthik Iyer,LIC India
TXN100998,2024-04-16,42403.25,Rahul Sharma,IRCTC
TXN100999,2024-04-21,104283.67,Rahul Sharma,Spotify
TXN101000,2024-03-22,33487.76,Anita Verma,IRCTC
